﻿<?xml version="1.0" encoding="utf-8"?>
<deployment>
  <id>4d4b4d12-2773-4002-8081-a560de53c243</id>
  <author>N/A</author>
  <deployer>OneDeploy</deployer>
  <authorEmail>N/A</authorEmail>
  <message>OneDeploy</message>
  <progress></progress>
  <status>Success</status>
  <statusText></statusText>
  <lastSuccessEndTime>2025-12-21T19:37:01.6576394Z</lastSuccessEndTime>
  <receivedTime>2025-12-21T19:36:55.3399741Z</receivedTime>
  <startTime>2025-12-21T19:36:56.6968887Z</startTime>
  <endTime>2025-12-21T19:37:01.6576394Z</endTime>
  <complete>True</complete>
  <is_temp>False</is_temp>
  <is_readonly>True</is_readonly>
  <buildSummary />
</deployment>