<step title="BackgroundTrace" date="2025-12-20T22:38:37.687" instance="f83f3e" url="/api/zipdeploy" method="POST" >
  <step title="Creating temporary deployment - FetchDeploymentManager" date="2025-12-20T22:38:37.773" /><!-- duration: 5ms -->
  <step title="Creating temporary deployment" date="2025-12-20T22:38:37.786" /><!-- duration: 74ms -->
  <step title="Performing fetch based deployment" date="2025-12-20T22:38:37.929" >
    <step title="Cleaning up temp folders from previous zip deployments and extracting pushed zip file /tmp/zipdeploy/d69d2609-d4e3-49ce-af16-25a751bad14f.zip (0.03 MB) to /tmp/zipdeploy/extracted" date="2025-12-20T22:38:39.116" >
      <step title="ChmodRecursive Process exited with total time taken in ms: 68" date="2025-12-20T22:38:39.238" /><!-- duration: 11ms -->
    </step><!-- duration: 142ms -->
    <step title="Deployment timer started" date="2025-12-20T22:38:41.268" >
      <step title="DeploymentManager.Deploy(id:d7269dae-f631-4099-babc-ea822f8fba6c)" date="2025-12-20T22:38:41.287" >
        <step title="Collecting changeset information" date="2025-12-20T22:38:41.310" /><!-- duration: 92ms -->
        <step title="Updating submodules" date="2025-12-20T22:38:41.407" /><!-- duration: 1176ms -->
        <step title="Determining deployment builder" date="2025-12-20T22:38:42.826" >
          <step title="Builder is OryxBuilder" date="2025-12-20T22:38:42.836" /><!-- duration: 3ms -->
        </step><!-- duration: 17ms -->
        <step title="PreDeployment: context.CleanOutputPath False" date="2025-12-20T22:38:42.901" >
          <step title="PreDeployment: context.OutputPath /home/site/wwwroot" date="2025-12-20T22:38:43.072" >
            <step title="Building" date="2025-12-20T22:38:43.321" >
              <step title="Executing external process" date="2025-12-20T22:38:43.717" type="process" path="bash" arguments="-c &quot;oryx build /tmp/zipdeploy/extracted -o /home/site/wwwroot --platform python --platform-version 3.11 -p virtualenv_name=antenv --log-file /tmp/build-debug.log  -i /tmp/8de4018876a5f49 --compress-destination-dir | tee /tmp/oryx-build.log ; exit $PIPESTATUS &quot;" >
                <step title="Cpu: python(917,22.170s)+ts(918,0.110s)+build.sh(916,0.000s)+build.sh(915,0.000s)+build.sh(818,0.080s)+oryx(797,5.460s)+tee(798,0.000s)+bash(796,0.000s)=total(27.810s)" date="2025-12-20T22:40:39.401" /><!-- duration: 200ms -->
                <step title="bash: no io activity for 61s, prev-cpu=-1.000s, current-cpu=27.810s" date="2025-12-20T22:40:40.270" /><!-- duration: 32ms -->
                <step title="Cpu: python(917,32.210s)+ts(918,0.140s)+build.sh(916,0.000s)+build.sh(915,0.000s)+build.sh(818,0.090s)+oryx(797,5.500s)+tee(798,0.000s)+bash(796,0.000s)=total(37.940s)" date="2025-12-20T22:41:41.269" /><!-- duration: 95ms -->
                <step title="bash: no io activity for 124s, prev-cpu=27.810s, current-cpu=37.940s" date="2025-12-20T22:41:41.549" /><!-- duration: 128ms -->
