<step title="Incoming Request" date="2025-12-21T20:02:50.883" instance="f83f3e" url="/api/publish?type=zip" method="POST" type="request" pid="768,1,19" Accept="*/*" Host="evaluaasi-motorv2-api.scm.azurewebsites.net" User-Agent="AZURECLI/2.81.0 (DEB)" Accept-Encoding="gzip, deflate" Authorization="Bea..." Cache-Control="no-cache" Content-Type="application/octet-stream" Cookie="ARRAffinity=f83f3ee9d12286f77233e42da2051dc9f32cd9fc92bde9436ebe04cf374c5900; ARRAffinitySameSite=f83f3ee9d12286f77233e42da2051dc9f32cd9fc92bde9436ebe04cf374c5900" Content-Length="46508" x-ms-client-request-id="032eb2d4-dea8-11f0-8ec7-7c1e52257deb" x-ms-artifact-checksum="811eb5860b131df20cccc780c9ba9d45aaaea9e2c831f3519d66e38be4dc1161" X-ARR-LOG-ID="032eb2d4-dea8-11f0-8ec7-7c1e52257deb" CLIENT-IP="172.182.200.129:51721" X-SITE-DEPLOYMENT-ID="evaluaasi-motorv2-api" WAS-DEFAULT-HOSTNAME="evaluaasi-motorv2-api.scm.azurewebsites.net" X-Forwarded-Proto="https" X-AppService-Proto="https" X-Forwarded-TlsVersion="1.3" X-WAWS-Unencoded-URL="/api/publish?type=zip" X-Client-IP="172.182.200.129" X-Client-Port="51721" >
  <step title="OneDeploy" date="2025-12-21T20:02:51.065" >
    <step title="Starting PushDeployAsync" date="2025-12-21T20:02:51.130" /><!-- duration: 9ms -->
    <step title="Writing artifact to /tmp/zipdeploy/da24814e-8ca3-4d1d-a290-4c0bfbf27beb.zip" date="2025-12-21T20:02:51.181" >
      <step title="Writing multipart request body to /tmp/zipdeploy/da24814e-8ca3-4d1d-a290-4c0bfbf27beb.zip" date="2025-12-21T20:02:51.207" /><!-- duration: 13ms -->
    </step><!-- duration: 449ms -->
    <step title="Attempting to fetch target branch HEAD" date="2025-12-21T20:02:51.791" /><!-- duration: 17ms -->
    <step title="Acquiring Deployment Lock" date="2025-12-21T20:02:51.824" /><!-- duration: 60ms -->
    <step title="Acquired Deployment Lock" date="2025-12-21T20:02:51.983" /><!-- duration: 9ms -->
    <step title="Performing fetch based deployment" date="2025-12-21T20:02:52.011" >
      <step title="Creating temporary deployment" date="2025-12-21T20:02:52.021" /><!-- duration: 212ms -->
      <step title="Releasing Deployment Lock" date="2025-12-21T20:02:53.720" /><!-- duration: 52ms -->
      <step title="Cleaning up temp folders from previous zip deployments and extracting pushed zip file /tmp/zipdeploy/da24814e-8ca3-4d1d-a290-4c0bfbf27beb.zip (0.04 MB) to /tmp/zipdeploy/extracted" date="2025-12-21T20:02:53.911" >
        <step title="ChmodRecursive Process exited with total time taken in ms: 208" date="2025-12-21T20:02:55.363" /><!-- duration: 49ms -->
      </step><!-- duration: 1548ms -->
      <step title="None repository commit" date="2025-12-21T20:02:55.469" >
        <step title="Commit id: 4acd53fa-158a-4d90-8fd1-5f14e71c1f64" date="2025-12-21T20:02:55.502" Message="OneDeploy" AuthorName="N/A" AuthorEmail="N/A" /><!-- duration: 6ms -->
      </step><!-- duration: 60ms -->
      <step title="Deployment timer started" date="2025-12-21T20:02:57.552" >
        <step title="DeploymentManager.Deploy(id:4acd53fa-158a-4d90-8fd1-5f14e71c1f64)" date="2025-12-21T20:02:57.564" >
          <step title="Collecting changeset information" date="2025-12-21T20:02:57.680" /><!-- duration: 291ms -->
          <step title="Updating submodules" date="2025-12-21T20:02:57.981" /><!-- duration: 1337ms -->
          <step title="Determining deployment builder" date="2025-12-21T20:02:59.718" >
            <step title="Builder is OryxBuilder" date="2025-12-21T20:02:59.769" /><!-- duration: 16ms -->
          </step><!-- duration: 85ms -->
          <step title="PreDeployment: context.CleanOutputPath False" date="2025-12-21T20:03:00.133" >
            <step title="PreDeployment: context.OutputPath /home/site/wwwroot" date="2025-12-21T20:03:00.463" >
              <step title="Building" date="2025-12-21T20:03:01.208" >
                <step title="Executing external process" date="2025-12-21T20:03:02.633" type="process" path="starter.sh" arguments="kudusync -v 50 -f /tmp/zipdeploy/extracted -t /home/site/wwwroot -n /home/site/deployments/4acd53fa-158a-4d90-8fd1-5f14e71c1f64/manifest -p /home/site/deployments/07ba611e-21bb-4888-95b6-ba7f529a1c92/manifest -i &quot;.git;.hg;.deployment;.deploy.sh&quot;" /><!-- duration: 7563ms -->
                <step title="Modified file to trigger a restart of the app container." date="2025-12-21T20:03:11.321" /><!-- duration: 8ms -->
                <step title="Skip function trigger and logicapp sync because function is not enabled." date="2025-12-21T20:03:11.339" /><!-- duration: 18ms -->
              </step><!-- duration: 11439ms -->
            </step><!-- duration: 12195ms -->
            <step title="Cleaning up temp files" date="2025-12-21T20:03:12.687" /><!-- duration: 40ms -->
            <step title="Cleaning up temp files" date="2025-12-21T20:03:12.755" /><!-- duration: 540ms -->
            <step title="Reloading status file with latest updates" date="2025-12-21T20:03:13.363" >
              <step title="WebHooksManager.PublishEventAsync: PostDeployment" date="2025-12-21T20:03:13.382" /><!-- duration: 98ms -->
            </step><!-- duration: 126ms -->
            <step title="Cleaning up temporary deployment - fetch deployment was successful" date="2025-12-21T20:03:13.509" /><!-- duration: 8ms -->
          </step><!-- duration: 13551ms -->
        </step><!-- duration: 16170ms -->
        <step title="Outgoing response" date="2025-12-21T20:03:13.753" type="response" statusCode="200" statusText="OK" /><!-- duration: 19ms -->
      </step><!-- duration: 16254ms -->
