<step title="Incoming Request" date="2025-12-23T18:27:18.079" instance="f83f3e" url="/api/publish?type=zip" method="POST" type="request" pid="768,1,16" Accept="*/*" Host="evaluaasi-motorv2-api.scm.azurewebsites.net" User-Agent="AZURECLI/2.81.0 (DEB)" Accept-Encoding="gzip, deflate" Authorization="Bea..." Cache-Control="no-cache" Content-Type="application/octet-stream" Cookie="ARRAffinity=f83f3ee9d12286f77233e42da2051dc9f32cd9fc92bde9436ebe04cf374c5900; ARRAffinitySameSite=f83f3ee9d12286f77233e42da2051dc9f32cd9fc92bde9436ebe04cf374c5900" Content-Length="118348" x-ms-client-request-id="fe6c7ab6-e02c-11f0-ada1-70a8a5198313" x-ms-artifact-checksum="fcac05dee5f19251f764229fbb1e773afd0b3e9c748e431693d90e1c065ba3d2" X-ARR-LOG-ID="fe6c7ab6-e02c-11f0-ada1-70a8a5198313" CLIENT-IP="172.182.200.131:47641" X-SITE-DEPLOYMENT-ID="evaluaasi-motorv2-api" WAS-DEFAULT-HOSTNAME="evaluaasi-motorv2-api.scm.azurewebsites.net" X-Forwarded-Proto="https" X-AppService-Proto="https" X-Forwarded-TlsVersion="1.3" X-WAWS-Unencoded-URL="/api/publish?type=zip" X-Client-IP="172.182.200.131" X-Client-Port="47641" >
  <step title="OneDeploy" date="2025-12-23T18:27:18.364" >
    <step title="None repository commit" date="2025-12-23T18:27:18.400" >
      <step title="Commit id: 8f9c3746-de92-4351-986e-9d75d8181153" date="2025-12-23T18:27:18.455" Message="N/A" AuthorName="N/A" AuthorEmail="N/A" /><!-- duration: 44ms -->
    </step><!-- duration: 106ms -->
    <step title="Starting PushDeployAsync" date="2025-12-23T18:27:18.522" /><!-- duration: 3ms -->
    <step title="Writing artifact to /tmp/zipdeploy/44d85987-7f53-463c-aee3-e71f17e942c2.zip" date="2025-12-23T18:27:18.585" >
      <step title="Writing multipart request body to /tmp/zipdeploy/44d85987-7f53-463c-aee3-e71f17e942c2.zip" date="2025-12-23T18:27:18.604" /><!-- duration: 18ms -->
    </step><!-- duration: 273ms -->
    <step title="None repository commit" date="2025-12-23T18:27:18.875" >
      <step title="Commit id: 8f9c3746-de92-4351-986e-9d75d8181153" date="2025-12-23T18:27:18.892" Message="N/A" AuthorName="N/A" AuthorEmail="N/A" /><!-- duration: 10ms -->
    </step><!-- duration: 36ms -->
    <step title="Attempting to fetch target branch HEAD" date="2025-12-23T18:27:18.959" /><!-- duration: 8ms -->
    <step title="Acquiring Deployment Lock" date="2025-12-23T18:27:18.976" /><!-- duration: 10ms -->
    <step title="Acquired Deployment Lock" date="2025-12-23T18:27:19.115" /><!-- duration: 18ms -->
    <step title="None repository commit" date="2025-12-23T18:27:19.199" >
      <step title="Commit id: 8f9c3746-de92-4351-986e-9d75d8181153" date="2025-12-23T18:27:19.210" Message="N/A" AuthorName="N/A" AuthorEmail="N/A" /><!-- duration: 9ms -->
    </step><!-- duration: 29ms -->
    <step title="Performing fetch based deployment" date="2025-12-23T18:27:19.237" >
      <step title="Creating temporary deployment" date="2025-12-23T18:27:19.247" /><!-- duration: 146ms -->
      <step title="Releasing Deployment Lock" date="2025-12-23T18:27:20.845" /><!-- duration: 47ms -->
      <step title="Cleaning up temp folders from previous zip deployments and extracting pushed zip file /tmp/zipdeploy/44d85987-7f53-463c-aee3-e71f17e942c2.zip (0.11 MB) to /tmp/zipdeploy/extracted" date="2025-12-23T18:27:21.026" >
        <step title="ChmodRecursive Process exited with total time taken in ms: 198" date="2025-12-23T18:27:21.452" /><!-- duration: 3ms -->
      </step><!-- duration: 463ms -->
      <step title="None repository commit" date="2025-12-23T18:27:21.501" >
        <step title="Commit id: 8f9c3746-de92-4351-986e-9d75d8181153" date="2025-12-23T18:27:21.509" Message="OneDeploy" AuthorName="N/A" AuthorEmail="N/A" /><!-- duration: 10ms -->
      </step><!-- duration: 39ms -->
      <step title="None repository commit" date="2025-12-23T18:27:23.682" >
        <step title="Commit id: 8f9c3746-de92-4351-986e-9d75d8181153" date="2025-12-23T18:27:23.835" Message="N/A" AuthorName="N/A" AuthorEmail="N/A" /><!-- duration: 28ms -->
      </step><!-- duration: 239ms -->
      <step title="Deployment timer started" date="2025-12-23T18:27:24.014" >
        <step title="DeploymentManager.Deploy(id:8f9c3746-de92-4351-986e-9d75d8181153)" date="2025-12-23T18:27:24.034" >
          <step title="Collecting changeset information" date="2025-12-23T18:27:24.129" /><!-- duration: 135ms -->
          <step title="Updating submodules" date="2025-12-23T18:27:24.283" /><!-- duration: 1242ms -->
          <step title="Determining deployment builder" date="2025-12-23T18:27:25.929" >
            <step title="Builder is OryxBuilder" date="2025-12-23T18:27:25.936" /><!-- duration: 10ms -->
          </step><!-- duration: 24ms -->
          <step title="PreDeployment: context.CleanOutputPath False" date="2025-12-23T18:27:26.006" >
            <step title="PreDeployment: context.OutputPath /home/site/wwwroot" date="2025-12-23T18:27:26.128" >
              <step title="Building" date="2025-12-23T18:27:26.409" >
                <step title="Executing external process" date="2025-12-23T18:27:26.943" type="process" path="starter.sh" arguments="kudusync -v 50 -f /tmp/zipdeploy/extracted -t /home/site/wwwroot -n /home/site/deployments/8f9c3746-de92-4351-986e-9d75d8181153/manifest -p /home/site/deployments/10a06693d8318e765c4a526c010959f62d04c0e8/manifest -i &quot;.git;.hg;.deployment;.deploy.sh&quot;" /><!-- duration: 5136ms -->
                <step title="Modified file to trigger a restart of the app container." date="2025-12-23T18:27:33.990" /><!-- duration: 2ms -->
                <step title="Skip function trigger and logicapp sync because function is not enabled." date="2025-12-23T18:27:34.002" /><!-- duration: 18ms -->
              </step><!-- duration: 10031ms -->
            </step><!-- duration: 10358ms -->
            <step title="Cleaning up temp files" date="2025-12-23T18:27:36.506" /><!-- duration: 22ms -->
            <step title="Cleaning up temp files" date="2025-12-23T18:27:36.562" /><!-- duration: 537ms -->
            <step title="Reloading status file with latest updates" date="2025-12-23T18:27:37.211" >
              <step title="WebHooksManager.PublishEventAsync: PostDeployment" date="2025-12-23T18:27:37.230" /><!-- duration: 295ms -->
            </step><!-- duration: 340ms -->
            <step title="Cleaning up temporary deployment - fetch deployment was successful" date="2025-12-23T18:27:37.572" /><!-- duration: 11ms -->
          </step><!-- duration: 11653ms -->
        </step><!-- duration: 13645ms -->
        <step title="Outgoing response" date="2025-12-23T18:27:37.921" type="response" statusCode="200" statusText="OK" /><!-- duration: 18ms -->
      </step><!-- duration: 13944ms -->
