<step title="Incoming Request" date="2025-12-21T20:15:40.939" instance="f83f3e" url="/api/sshkey?ensurePublicKey=True" method="GET" type="request" pid="768,1,24" Host="evaluaasi-motorv2-api.scm.azurewebsites.net" User-Agent="Azure-WebSites-Controller/106.0.7.121" Authorization="Bas..." x-ms-request-id="f95d5059-75d4-4cc0-b47b-505f40d390dc" X-ARR-LOG-ID="f95d5059-75d4-4cc0-b47b-505f40d390dc" CLIENT-IP="40.119.12.13:19585" X-SITE-DEPLOYMENT-ID="evaluaasi-motorv2-api" WAS-DEFAULT-HOSTNAME="evaluaasi-motorv2-api.scm.azurewebsites.net" X-MS-PLATFORM-INTERNAL="True" X-Forwarded-Proto="https" X-AppService-Proto="https" X-Forwarded-TlsVersion="1.3" X-WAWS-Unencoded-URL="/api/sshkey?ensurePublicKey=True" X-Client-IP="40.119.12.13" X-Client-Port="19585" >
  <step title="Cleanup Xml Logs" date="2025-12-21T20:15:40.944" /><!-- duration: 31ms -->
  <step title="SSHKeyController.GetPublicKey" date="2025-12-21T20:15:41.115" >
    <step title="SSHKeyManager.GetKey" date="2025-12-21T20:15:41.141" >
      <step title="Creating key pair." date="2025-12-21T20:15:41.149" /><!-- duration: 3ms -->
      <step title="SSHKeyManager.CreateKey" date="2025-12-21T20:15:41.167" /><!-- duration: 573ms -->
    </step><!-- duration: 602ms -->
  </step><!-- duration: 634ms -->
  <step title="Outgoing response" date="2025-12-21T20:15:41.768" type="response" statusCode="200" statusText="OK" /><!-- duration: 7ms -->
</step><!-- duration: 840ms -->
