<step title="Incoming Request" date="2025-12-21T20:17:23.212" instance="f83f3e" url="/deploy?scmType=ExternalGit&amp;isAsync=true" method="POST" type="request" pid="769,1,20" Host="evaluaasi-motorv2-api.scm.azurewebsites.net" User-Agent="Azure-WebSites-Controller/106.0.7.121" Authorization="Bas..." Expect="100-continue" Content-Length="78" x-ms-request-id="ed15a360-0bc9-4533-b653-ac2e2de313cc" X-ARR-LOG-ID="ed15a360-0bc9-4533-b653-ac2e2de313cc" CLIENT-IP="40.119.12.13:19585" X-SITE-DEPLOYMENT-ID="evaluaasi-motorv2-api" WAS-DEFAULT-HOSTNAME="evaluaasi-motorv2-api.scm.azurewebsites.net" X-MS-PLATFORM-INTERNAL="True" X-Forwarded-Proto="https" X-AppService-Proto="https" X-Forwarded-TlsVersion="1.3" X-WAWS-Unencoded-URL="/deploy?scmType=ExternalGit&amp;isAsync=true" X-Client-IP="40.119.12.13" X-Client-Port="19585" >
  <step title="Cleanup Xml Logs" date="2025-12-21T20:17:23.233" /><!-- duration: 40ms -->
  <step title="FetchHandler" date="2025-12-21T20:17:23.348" >
    <step title="Executing external process" date="2025-12-21T20:17:23.397" type="process" path="git" arguments="rev-parse --git-dir" /><!-- duration: 77ms -->
    <step title="Executing external process" date="2025-12-21T20:17:23.493" type="process" path="git" arguments="rev-parse --git-dir" /><!-- duration: 49ms -->
    <step title="Executing external process" date="2025-12-21T20:17:23.552" type="process" path="git" arguments="log -n 1 main --" /><!-- duration: 136ms -->
    <step title="Start deployment in the background" date="2025-12-21T20:17:23.698" >
      <step title="Executing external process" date="2025-12-21T20:17:23.746" type="process" path="git" arguments="rev-parse --git-dir" /><!-- duration: 47ms -->
      <step title="Executing external process" date="2025-12-21T20:17:23.812" type="process" path="git" arguments="rev-parse --git-dir" /><!-- duration: 22ms -->
      <step title="Executing external process" date="2025-12-21T20:17:23.850" type="process" path="git" arguments="log -n 1 main --" /><!-- duration: 62ms -->
      <step title="Acquiring Deployment Lock" date="2025-12-21T20:17:23.929" /><!-- duration: 8ms -->
      <step title="Acquired Deployment Lock" date="2025-12-21T20:17:23.989" /><!-- duration: 8ms -->
    </step><!-- duration: 483ms -->
  </step><!-- duration: 845ms -->
  <step title="Outgoing response" date="2025-12-21T20:17:24.202" type="response" statusCode="202" statusText="Accepted" /><!-- duration: 10ms -->
</step><!-- duration: 1017ms -->
