<step title="Incoming Request" date="2025-12-20T22:38:36.932" instance="f83f3e" url="/api/zipdeploy?isAsync=true" method="POST" type="request" pid="770,1,7" Accept="*/*" Host="evaluaasi-motorv2-api.scm.azurewebsites.net" User-Agent="AZURECLI/2.81.0 (DEB)" Accept-Encoding="gzip, deflate" Authorization="Bea..." Cache-Control="no-cache" Content-Type="application/octet-stream" Content-Length="33144" x-ms-client-request-id="902dd818-ddf4-11f0-b866-7c1e527c4dfd" x-ms-artifact-checksum="c12eb671657393ac477b5aaabe27eec6f18ddf035c310a17b1ea2c8dd45f2d1f" X-ARR-LOG-ID="902dd818-ddf4-11f0-b866-7c1e527c4dfd" CLIENT-IP="20.171.127.64:19904" X-SITE-DEPLOYMENT-ID="evaluaasi-motorv2-api" WAS-DEFAULT-HOSTNAME="evaluaasi-motorv2-api.scm.azurewebsites.net" X-Forwarded-Proto="https" X-AppService-Proto="https" X-Forwarded-TlsVersion="1.3" X-WAWS-Unencoded-URL="/api/zipdeploy?isAsync=true" X-Client-IP="20.171.127.64" X-Client-Port="19904" >
  <step title="ZipPushDeploy" date="2025-12-20T22:38:37.520" >
    <step title="ZipDeploy. Extract zip." date="2025-12-20T22:38:37.528" /><!-- duration: 3ms -->
    <step title="None repository commit" date="2025-12-20T22:38:37.536" >
      <step title="Commit id: d7269dae-f631-4099-babc-ea822f8fba6c" date="2025-12-20T22:38:37.539" Message="N/A" AuthorName="N/A" AuthorEmail="N/A" /><!-- duration: 3ms -->
    </step><!-- duration: 11ms -->
    <step title="Starting PushDeployAsync" date="2025-12-20T22:38:37.552" /><!-- duration: 4ms -->
    <step title="Writing artifact to /tmp/zipdeploy/d69d2609-d4e3-49ce-af16-25a751bad14f.zip" date="2025-12-20T22:38:37.570" >
      <step title="Writing multipart request body to /tmp/zipdeploy/d69d2609-d4e3-49ce-af16-25a751bad14f.zip" date="2025-12-20T22:38:37.576" /><!-- duration: 8ms -->
    </step><!-- duration: 89ms -->
    <step title="Start deployment in the background" date="2025-12-20T22:38:37.677" >
      <step title="Acquiring Deployment Lock" date="2025-12-20T22:38:37.716" /><!-- duration: 7ms -->
      <step title="Acquired Deployment Lock" date="2025-12-20T22:38:37.766" /><!-- duration: 3ms -->
    </step><!-- duration: 187ms -->
  </step><!-- duration: 352ms -->
  <step title="Outgoing response" date="2025-12-20T22:38:37.895" type="response" statusCode="202" statusText="Accepted" /><!-- duration: 6ms -->
</step><!-- duration: 971ms -->
