<step title="Incoming Request" date="2025-12-21T19:41:48.129" instance="f83f3e" url="/api/publish?type=zip&amp;async=True" method="POST" type="request" pid="768,1,20" Accept="*/*" Host="evaluaasi-motorv2-api.scm.azurewebsites.net" User-Agent="AZURECLI/2.81.0 (DEB)" Accept-Encoding="gzip, deflate" Authorization="Bea..." Cache-Control="no-cache" Content-Type="application/octet-stream" Cookie="ARRAffinity=f83f3ee9d12286f77233e42da2051dc9f32cd9fc92bde9436ebe04cf374c5900; ARRAffinitySameSite=f83f3ee9d12286f77233e42da2051dc9f32cd9fc92bde9436ebe04cf374c5900" Content-Length="46494" x-ms-client-request-id="130ab476-dea5-11f0-8415-7c1e52257deb" x-ms-artifact-checksum="9a4c39fbea9595c3774c62e3fa56f0f95bc7d81c0990d5bad88010dbdd3b8f83" X-ARR-LOG-ID="130ab476-dea5-11f0-8415-7c1e52257deb" CLIENT-IP="172.182.200.129:51721" X-SITE-DEPLOYMENT-ID="evaluaasi-motorv2-api" WAS-DEFAULT-HOSTNAME="evaluaasi-motorv2-api.scm.azurewebsites.net" X-Forwarded-Proto="https" X-AppService-Proto="https" X-Forwarded-TlsVersion="1.3" X-WAWS-Unencoded-URL="/api/publish?type=zip&amp;async=True" X-Client-IP="172.182.200.129" X-Client-Port="51721" >
  <step title="OneDeploy" date="2025-12-21T19:41:48.169" >
    <step title="Starting PushDeployAsync" date="2025-12-21T19:41:48.176" /><!-- duration: 4ms -->
    <step title="Writing artifact to /tmp/zipdeploy/76bf652e-cd2b-41fc-85d4-ba12f2d944b8.zip" date="2025-12-21T19:41:48.187" >
      <step title="Writing multipart request body to /tmp/zipdeploy/76bf652e-cd2b-41fc-85d4-ba12f2d944b8.zip" date="2025-12-21T19:41:48.194" /><!-- duration: 10ms -->
    </step><!-- duration: 84ms -->
    <step title="Start deployment in the background" date="2025-12-21T19:41:48.290" >
      <step title="Acquiring Deployment Lock" date="2025-12-21T19:41:48.348" /><!-- duration: 8ms -->
      <step title="Acquired Deployment Lock" date="2025-12-21T19:41:48.387" /><!-- duration: 9ms -->
    </step><!-- duration: 280ms -->
  </step><!-- duration: 410ms -->
  <step title="Outgoing response" date="2025-12-21T19:41:48.583" type="response" statusCode="202" statusText="Accepted" /><!-- duration: 4ms -->
</step><!-- duration: 460ms -->
