<step title="BackgroundTrace" date="2025-12-20T22:48:02.875" instance="f83f3e" url="/api/publish" method="POST" >
  <step title="Cleanup Xml Logs" date="2025-12-20T22:48:02.922" /><!-- duration: 29ms -->
  <step title="Creating temporary deployment - FetchDeploymentManager" date="2025-12-20T22:48:04.139" /><!-- duration: 10ms -->
  <step title="Creating temporary deployment" date="2025-12-20T22:48:04.169" /><!-- duration: 428ms -->
  <step title="Performing fetch based deployment" date="2025-12-20T22:48:05.875" >
    <step title="Cleaning up temp folders from previous zip deployments and extracting pushed zip file /tmp/zipdeploy/bc3ca7ef-5482-4394-ac64-9b49b011d2df.zip (0.03 MB) to /tmp/zipdeploy/extracted" date="2025-12-20T22:48:08.079" >
      <step title="ChmodRecursive Process exited with total time taken in ms: 634" date="2025-12-20T22:48:09.800" /><!-- duration: 29ms -->
    </step><!-- duration: 1799ms -->
    <step title="Deployment timer started" date="2025-12-20T22:48:12.210" >
      <step title="DeploymentManager.Deploy(id:724b78b1-5301-4b2e-b12f-02a0dd41c382)" date="2025-12-20T22:48:12.287" >
        <step title="Collecting changeset information" date="2025-12-20T22:48:12.448" /><!-- duration: 815ms -->
        <step title="Updating submodules" date="2025-12-20T22:48:13.324" /><!-- duration: 2256ms -->
        <step title="Determining deployment builder" date="2025-12-20T22:48:16.327" >
          <step title="Builder is OryxBuilder" date="2025-12-20T22:48:16.395" /><!-- duration: 18ms -->
        </step><!-- duration: 106ms -->
        <step title="PreDeployment: context.CleanOutputPath False" date="2025-12-20T22:48:16.554" >
          <step title="PreDeployment: context.OutputPath /home/site/wwwroot" date="2025-12-20T22:48:16.919" >
            <step title="Building" date="2025-12-20T22:48:17.418" >
              <step title="Executing external process" date="2025-12-20T22:48:18.485" type="process" path="bash" arguments="-c &quot;oryx build /tmp/zipdeploy/extracted -o /home/site/wwwroot --platform python --platform-version 3.11 -p virtualenv_name=antenv --log-file /tmp/build-debug.log  -i /tmp/8de4019dd4e5d5e --compress-destination-dir | tee /tmp/oryx-build.log ; exit $PIPESTATUS &quot;" >
                <step title="Cpu: gzip(851,3.400s)+tar(850,1.650s)+build.sh(839,0.020s)+oryx(820,5.360s)+tee(821,0.000s)+bash(819,0.000s)=total(10.430s)" date="2025-12-20T22:49:35.708" /><!-- duration: 66ms -->
                <step title="bash: no io activity for 60s, prev-cpu=-1.000s, current-cpu=10.430s" date="2025-12-20T22:49:35.919" /><!-- duration: 58ms -->
