{
  "navigationFallback": {
    "rewrite": "/index.html",
    "exclude": ["/images/*.{png,jpg,gif,webp}", "/css/*", "/assets/*"]
  },
  "responseOverrides": {
    "404": {
      "rewrite": "/index.html",
      "statusCode": 200
    }
  },
  "globalHeaders": {
    "content-security-policy": "default-src 'self' https://evaluaasi-motorv2-api.purpleocean-384694c4.southcentralus.azurecontainerapps.io https://*.blob.core.windows.net https://*.azurecontainerapps.io https://*.azurefd.net; style-src 'self' 'unsafe-inline'; script-src 'self' 'unsafe-inline' 'unsafe-eval'; img-src 'self' data: https: blob:; font-src 'self' data:; connect-src 'self' https://evaluaasi-motorv2-api.purpleocean-384694c4.southcentralus.azurecontainerapps.io https://*.blob.core.windows.net https://*.azurecontainerapps.io https://*.azurefd.net; media-src 'self' https://*.blob.core.windows.net https://*.azurefd.net blob:; frame-src 'self' https://www.youtube.com https://youtube.com https://www.youtube-nocookie.com https://player.vimeo.com https://*.azurefd.net"
  },
  "routes": [
    {
      "route": "/assets/*",
      "headers": {
        "Cache-Control": "public, max-age=31536000, immutable"
      }
    },
    {
      "route": "*.js",
      "headers": {
        "Cache-Control": "public, max-age=31536000, immutable"
      }
    },
    {
      "route": "*.css",
      "headers": {
        "Cache-Control": "public, max-age=31536000, immutable"
      }
    },
    {
      "route": "*.png",
      "headers": {
        "Cache-Control": "public, max-age=86400"
      }
    },
    {
      "route": "*.jpg",
      "headers": {
        "Cache-Control": "public, max-age=86400"
      }
    },
    {
      "route": "*.webp",
      "headers": {
        "Cache-Control": "public, max-age=86400"
      }
    }
  ],
  "mimeTypes": {
    ".json": "application/json",
    ".js": "text/javascript",
    ".css": "text/css",
    ".webp": "image/webp"
  }
}
