﻿<?xml version="1.0" encoding="utf-8"?>
<deployment>
  <id>5a5e8eda-608c-419d-a5f7-e7012c4df417</id>
  <author>N/A</author>
  <deployer>OneDeploy</deployer>
  <authorEmail>N/A</authorEmail>
  <message>OneDeploy</message>
  <progress></progress>
  <status>Success</status>
  <statusText></statusText>
  <lastSuccessEndTime>2025-12-21T20:11:09.352166Z</lastSuccessEndTime>
  <receivedTime>2025-12-21T20:11:05.3879188Z</receivedTime>
  <startTime>2025-12-21T20:11:06.7152821Z</startTime>
  <endTime>2025-12-21T20:11:09.352166Z</endTime>
  <complete>True</complete>
  <is_temp>False</is_temp>
  <is_readonly>True</is_readonly>
  <buildSummary />
</deployment>